"data.text","data.lang","data.conversation_id","data.created_at","data.id","data.text.1","data.lang.1","data.conversation_id.1","data.created_at.1","data.id.1","data.text.2","data.lang.2","data.conversation_id.2","data.created_at.2","data.id.2","data.text.3","data.lang.3","data.conversation_id.3","data.created_at.3","data.id.3","data.text.4","data.lang.4","data.conversation_id.4","data.created_at.4","data.id.4","data.text.5","data.lang.5","data.conversation_id.5","data.created_at.5","data.id.5","data.text.6","data.lang.6","data.conversation_id.6","data.created_at.6","data.id.6","data.text.7","data.lang.7","data.conversation_id.7","data.created_at.7","data.id.7","data.text.8","data.lang.8","data.conversation_id.8","data.created_at.8","data.id.8","data.text.9","data.lang.9","data.conversation_id.9","data.created_at.9","data.id.9","data.text.10","data.lang.10","data.conversation_id.10","data.created_at.10","data.id.10","data.text.11","data.lang.11","data.conversation_id.11","data.created_at.11","data.id.11","data.text.12","data.lang.12","data.conversation_id.12","data.created_at.12","data.id.12","data.text.13","data.lang.13","data.conversation_id.13","data.created_at.13","data.id.13","data.text.14","data.lang.14","data.conversation_id.14","data.created_at.14","data.id.14","data.text.15","data.lang.15","data.conversation_id.15","data.created_at.15","data.id.15","data.text.16","data.lang.16","data.conversation_id.16","data.created_at.16","data.id.16","data.text.17","data.lang.17","data.conversation_id.17","data.created_at.17","data.id.17","data.text.18","data.lang.18","data.conversation_id.18","data.created_at.18","data.id.18","data.text.19","data.lang.19","data.conversation_id.19","data.created_at.19","data.id.19","data.text.20","data.lang.20","data.conversation_id.20","data.created_at.20","data.id.20","data.text.21","data.lang.21","data.conversation_id.21","data.created_at.21","data.id.21","data.text.22","data.lang.22","data.conversation_id.22","data.created_at.22","data.id.22","data.text.23","data.lang.23","data.conversation_id.23","data.created_at.23","data.id.23","data.text.24","data.lang.24","data.conversation_id.24","data.created_at.24","data.id.24","data.text.25","data.lang.25","data.conversation_id.25","data.created_at.25","data.id.25","data.text.26","data.lang.26","data.conversation_id.26","data.created_at.26","data.id.26","data.text.27","data.lang.27","data.conversation_id.27","data.created_at.27","data.id.27","data.text.28","data.lang.28","data.conversation_id.28","data.created_at.28","data.id.28","data.text.29","data.lang.29","data.conversation_id.29","data.created_at.29","data.id.29","data.text.30","data.lang.30","data.conversation_id.30","data.created_at.30","data.id.30","data.text.31","data.lang.31","data.conversation_id.31","data.created_at.31","data.id.31","data.text.32","data.lang.32","data.conversation_id.32","data.created_at.32","data.id.32","data.text.33","data.lang.33","data.conversation_id.33","data.created_at.33","data.id.33","data.text.34","data.lang.34","data.conversation_id.34","data.created_at.34","data.id.34","data.text.35","data.lang.35","data.conversation_id.35","data.created_at.35","data.id.35","data.text.36","data.lang.36","data.conversation_id.36","data.created_at.36","data.id.36","data.text.37","data.lang.37","data.conversation_id.37","data.created_at.37","data.id.37","data.text.38","data.lang.38","data.conversation_id.38","data.created_at.38","data.id.38","data.text.39","data.lang.39","data.conversation_id.39","data.created_at.39","data.id.39","data.text.40","data.lang.40","data.conversation_id.40","data.created_at.40","data.id.40","data.text.41","data.lang.41","data.conversation_id.41","data.created_at.41","data.id.41","data.text.42","data.lang.42","data.conversation_id.42","data.created_at.42","data.id.42","data.text.43","data.lang.43","data.conversation_id.43","data.created_at.43","data.id.43","data.text.44","data.lang.44","data.conversation_id.44","data.created_at.44","data.id.44","data.text.45","data.lang.45","data.conversation_id.45","data.created_at.45","data.id.45","data.text.46","data.lang.46","data.conversation_id.46","data.created_at.46","data.id.46","data.text.47","data.lang.47","data.conversation_id.47","data.created_at.47","data.id.47","data.text.48","data.lang.48","data.conversation_id.48","data.created_at.48","data.id.48","data.text.49","data.lang.49","data.conversation_id.49","data.created_at.49","data.id.49","data.text.50","data.lang.50","data.conversation_id.50","data.created_at.50","data.id.50","data.text.51","data.lang.51","data.conversation_id.51","data.created_at.51","data.id.51","data.text.52","data.lang.52","data.conversation_id.52","data.created_at.52","data.id.52","data.text.53","data.lang.53","data.conversation_id.53","data.created_at.53","data.id.53","data.text.54","data.lang.54","data.conversation_id.54","data.created_at.54","data.id.54","data.text.55","data.lang.55","data.conversation_id.55","data.created_at.55","data.id.55","data.text.56","data.lang.56","data.conversation_id.56","data.created_at.56","data.id.56","data.text.57","data.lang.57","data.conversation_id.57","data.created_at.57","data.id.57","data.text.58","data.lang.58","data.conversation_id.58","data.created_at.58","data.id.58","data.text.59","data.lang.59","data.conversation_id.59","data.created_at.59","data.id.59","data.text.60","data.lang.60","data.conversation_id.60","data.created_at.60","data.id.60","data.text.61","data.lang.61","data.conversation_id.61","data.created_at.61","data.id.61","data.text.62","data.lang.62","data.conversation_id.62","data.created_at.62","data.id.62","data.text.63","data.lang.63","data.conversation_id.63","data.created_at.63","data.id.63","data.text.64","data.lang.64","data.conversation_id.64","data.created_at.64","data.id.64","data.text.65","data.lang.65","data.conversation_id.65","data.created_at.65","data.id.65","data.text.66","data.lang.66","data.conversation_id.66","data.created_at.66","data.id.66","data.text.67","data.lang.67","data.conversation_id.67","data.created_at.67","data.id.67","data.text.68","data.lang.68","data.conversation_id.68","data.created_at.68","data.id.68","data.text.69","data.lang.69","data.conversation_id.69","data.created_at.69","data.id.69","data.text.70","data.lang.70","data.conversation_id.70","data.created_at.70","data.id.70","data.text.71","data.lang.71","data.conversation_id.71","data.created_at.71","data.id.71","data.text.72","data.lang.72","data.conversation_id.72","data.created_at.72","data.id.72","data.text.73","data.lang.73","data.conversation_id.73","data.created_at.73","data.id.73","data.text.74","data.lang.74","data.conversation_id.74","data.created_at.74","data.id.74","data.text.75","data.lang.75","data.conversation_id.75","data.created_at.75","data.id.75","data.text.76","data.lang.76","data.conversation_id.76","data.created_at.76","data.id.76","data.text.77","data.lang.77","data.conversation_id.77","data.created_at.77","data.id.77","data.text.78","data.lang.78","data.conversation_id.78","data.created_at.78","data.id.78","data.text.79","data.lang.79","data.conversation_id.79","data.created_at.79","data.id.79","data.text.80","data.lang.80","data.conversation_id.80","data.created_at.80","data.id.80","data.text.81","data.lang.81","data.conversation_id.81","data.created_at.81","data.id.81","data.text.82","data.lang.82","data.conversation_id.82","data.created_at.82","data.id.82","data.text.83","data.lang.83","data.conversation_id.83","data.created_at.83","data.id.83","data.text.84","data.lang.84","data.conversation_id.84","data.created_at.84","data.id.84","data.text.85","data.lang.85","data.conversation_id.85","data.created_at.85","data.id.85","data.text.86","data.lang.86","data.conversation_id.86","data.created_at.86","data.id.86","data.text.87","data.lang.87","data.conversation_id.87","data.created_at.87","data.id.87","data.text.88","data.lang.88","data.conversation_id.88","data.created_at.88","data.id.88","data.text.89","data.lang.89","data.conversation_id.89","data.created_at.89","data.id.89","data.text.90","data.lang.90","data.conversation_id.90","data.created_at.90","data.id.90","data.text.91","data.lang.91","data.conversation_id.91","data.created_at.91","data.id.91","data.text.92","data.lang.92","data.conversation_id.92","data.created_at.92","data.id.92","data.text.93","data.lang.93","data.conversation_id.93","data.created_at.93","data.id.93","data.text.94","data.lang.94","data.conversation_id.94","data.created_at.94","data.id.94","data.text.95","data.lang.95","data.conversation_id.95","data.created_at.95","data.id.95","data.text.96","data.lang.96","data.conversation_id.96","data.created_at.96","data.id.96","data.text.97","data.lang.97","data.conversation_id.97","data.created_at.97","data.id.97","data.text.98","data.lang.98","data.conversation_id.98","data.created_at.98","data.id.98","data.text.99","data.lang.99","data.conversation_id.99","data.created_at.99","data.id.99","meta.newest_id","meta.oldest_id","meta.result_count","meta.next_token"
"RT @orfonline: As nation-states and #BigTech firms continue to make advances in quantum computing, the ethical use of #technology must be sâ€¦","en","1569087570092457984","2022-09-11T22:16:43.000Z","1569087570092457984","RT @NelsonDemsVa: If you have 10 days, we have 10 reasons why voting Democratic in the Nov. 8 elections is one of the best decisions you'llâ€¦","en","1569087551125995520","2022-09-11T22:16:39.000Z","1569087551125995520","Kicking off #Coda22 Sustainability workshop - certain people outlining the importance of tackling #ClimateChange to the @NHSuk (important people!)","en","1569087448801767424","2022-09-11T22:16:14.000Z","1569087448801767424","RT @PalmOilDetect: Insects are the incredible engine room of the planet ensuring ecosystems work. They are under siege by human-caused #cliâ€¦","en","1569087445702156290","2022-09-11T22:16:13.000Z","1569087445702156290","RT @orfonline: As nation-states and #BigTech firms continue to make advances in quantum computing, the ethical use of #technology must be sâ€¦","en","1569087419739258881","2022-09-11T22:16:07.000Z","1569087419739258881","That is so scary....#climatecrisis  #disaster
The topic of #climatechange will also be raised during the forum ""Global Crisis. USA"" on September 24th
https://t.co/QCkcF0ONno https://t.co/5X3YU03ePC","en","1569087370720415745","2022-09-11T22:15:56.000Z","1569087370720415745","RT @PlanetPolicyPal: You guys know how much we hate #greenwashing and H&amp;M is finding out just how much people hate being manipulated with fâ€¦","en","1569087320950816768","2022-09-11T22:15:44.000Z","1569087320950816768","RT @SFLORG: The #water stored in reservoirs ensures our supply of drinking water. Good water quality is therefore important - but is at sigâ€¦","en","1569087253594382346","2022-09-11T22:15:28.000Z","1569087253594382346","You guys know how much we hate #greenwashing and H&amp;M is finding out just how much people hate being manipulated with fake #eco-friendly messaging (allegedly). We get into this and other #fashion shenanigans on episode 46 out Tuesday! #environmental #Climatechange #wastefree https://t.co/MOJCaU4CEG","en","1569087192525377540","2022-09-11T22:15:13.000Z","1569087192525377540","A #king for the #climate takes the #throne in #England TOPICS #KingCharlesIII #KingCharles #ClimateEmergency #climatechange #ClimateAction 

https://t.co/F1Y6CHaH7m","en","1569087137076625408","2022-09-11T22:15:00.000Z","1569087137076625408","RT @36_global: #ClimateChange #EnvironmentalEducation #NoPlanetB #ClimateAction #FaceClimateEmergency #Evolution #NoMoreEmptyPromises #Circâ€¦","qht","1569086770364530688","2022-09-11T22:13:32.000Z","1569086770364530688","RT @PCarterClimate: EUROPE RECORD SUMMER HEAT UNDER RECORD WARMING
The 2022 unprecedented summer Europe heat in was on back- ground of extrâ€¦","en","1569086766681833472","2022-09-11T22:13:32.000Z","1569086766681833472","RT @36_global: #ClimateChange #EnvironmentalEducation #NoPlanetB #ClimateAction #FaceClimateEmergency #Evolution #NoMoreEmptyPromises #Circâ€¦","qht","1569086643864223749","2022-09-11T22:13:02.000Z","1569086643864223749","â€¢ Frase del dÃ­a.ğŸ‘¨ğŸ»â€ğŸ’»ğŸ’ªğŸ¼ğŸ’¥

â€¢No lo pienses mÃ¡s, comunÃ­cate con nosotros, te lo haremos mÃ¡s FÃ¡cil. +1 (787)298-6033 ğŸ™‹ğŸ»â€â™‚ï¸ğŸ“²

â€¢OrientaciÃ³n sin costo, ni compromiso.ğŸ˜‰

#energia #AEE #panelessolares #tesla #puertorico #huracan #climatechange 
#bateria #battery #energiasolar #solarpanels https://t.co/EotbdhkVGa","es","1569086513681506305","2022-09-11T22:12:31.000Z","1569086513681506305","And yet the deniers keep their blinkers on ğŸ˜.     #climate #climatechange     Climate change: Six tipping points â€˜likelyâ€™ to be crossed https://t.co/gft6xvUNC7","en","1569086512486293506","2022-09-11T22:12:31.000Z","1569086512486293506","RT @jarvisk111: We are soooo far from this.  #nyc Europe and CA get it. #progress #change #climatechange we still have horse carriages withâ€¦","en","1569086216276156416","2022-09-11T22:11:20.000Z","1569086216276156416","RT @evoecolab: @Laurier's Prof. Jennifer Baltzer @forestecogrp leads to the way in studying the ecosystem impacts of #climatechange in Canaâ€¦","en","1569086181274488836","2022-09-11T22:11:12.000Z","1569086181274488836","ğŸ‘‹ @SenSchumer @SpeakerPelosi thank you for your work on #climatechange! The world needs you to protect forests and support tree planting NOT fossil fuel subsidies for super polluters. Will you support a reconciliation package that puts an end to fossil fuel subsidies?ğŸŒğŸŒğŸŒ","en","1569086171438776320","2022-09-11T22:11:10.000Z","1569086171438776320","RT @anncherie49: #Fauziah just referred to #ClimateChange as â€œfashionableâ€. Irresponsible journalism on #ABC @abcnews @BreakfastNews","en","1569086070872240128","2022-09-11T22:10:46.000Z","1569086070872240128","RT @36_global: #ClimateChange #EnvironmentalEducation #NoPlanetB #ClimateAction #FaceClimateEmergency #Evolution #NoMoreEmptyPromises #Circâ€¦","qht","1569085952903237632","2022-09-11T22:10:18.000Z","1569085952903237632","#ClimateChange #EnvironmentalEducation #NoPlanetB #ClimateAction #FaceClimateEmergency #Evolution #NoMoreEmptyPromises #CircularEconomy #Metamorphosis #savetheplanet #thereisnoplanetb #waterpollution #climatechangeisreal #climatestrike #globalwarming #easyecotips #tips https://t.co/bQKK90Xzxs","qht","1569085910628827136","2022-09-11T22:10:07.000Z","1569085910628827136","Very smoky through Manning Park and near Hope. 

#ClimateChange #ForestFire https://t.co/KJOnJLoTGu","en","1569085893222494208","2022-09-11T22:10:03.000Z","1569085893222494208","RT @PCarterClimate: EUROPE RECORD SUMMER HEAT UNDER RECORD WARMING
The 2022 unprecedented summer Europe heat in was on back- ground of extrâ€¦","en","1569085745884962816","2022-09-11T22:09:28.000Z","1569085745884962816","RT @bullshitjobs: 3-4 billion #bullshitjobs are:
.) wasting our lives.
.) wasting our resources, energy and fossil fuels.
.) devaluing ourâ€¦","en","1569085596156452866","2022-09-11T22:08:52.000Z","1569085596156452866","Che tenerezza. E coi cambiamenti climatici li stermineremo a poco a poco ğŸ˜” #climatechange https://t.co/tRir9u4vJt","it","1569085414148902918","2022-09-11T22:08:09.000Z","1569085414148902918","RT @PCarterClimate: EUROPE RECORD SUMMER HEAT UNDER RECORD WARMING
The 2022 unprecedented summer Europe heat in was on back- ground of extrâ€¦","en","1569085277641261057","2022-09-11T22:07:37.000Z","1569085277641261057","RT @Dragofix: CliÂ­mate change threatÂ­ens ice caves in AusÂ­tria #ClimateChange #Austria https://t.co/8oOqXXhPFb","en","1569085249245544451","2022-09-11T22:07:30.000Z","1569085249245544451","As the #Planet Warms, #Canada #Faces an #F4F #FollowMe #FollowBack #FollowForFollow
#rtitbot #RT #Follow #mJmNews https://t.co/R6FpJppTgF #agriculture #climatechange #climatedesk #extremeweather #government #immigration #policy #warms","en","1569085162964619265","2022-09-11T22:07:09.000Z","1569085162964619265","RT @Dragofix: Climate change is affecting drinking water quality #ClimateChange #water #DrinkingWater https://t.co/bDf1sCNkPR","en","1569085013261520896","2022-09-11T22:06:34.000Z","1569085013261520896","RT @Maebe_A_Girl: Health insurance companies have probably already determined youâ€™re ineligible for the care youâ€™ll need when #ClimateChangâ€¦","en","1569084940683460609","2022-09-11T22:06:16.000Z","1569084940683460609","@EqualPowerCAN .@cathmckenna work on carbon pricing could be all undone by another conservative false majority.  If she supported proportional representation, it was very, very tepid, despite the riding's strong support for it.
#climatechange","en","1568762853343084545","2022-09-11T22:05:16.000Z","1569084688068665344","What a timely article. #climatechange

Tourism is sucking Utah dry. Now it faces a choice - growth or survival? - The Guardian https://t.co/LZVa2H4lTx","en","1569084684411277312","2022-09-11T22:05:15.000Z","1569084684411277312","â€œClean Air to Surviveâ€ Campaign meeting to discuss the impact of fine dust particulate in peopleâ€™s health and in #Climatechange 
@WHO @canberra_air @CAirCommunities @GlobalCEH @FedUpWithBadAir @AlokSharma_RDG @Ekta1209 @Monish_Ahuja https://t.co/EjZQuWuJNM","en","1569084626748190720","2022-09-11T22:05:01.000Z","1569084626748190720","RT @PCarterClimate: EUROPE RECORD SUMMER HEAT UNDER RECORD WARMING
The 2022 unprecedented summer Europe heat in was on back- ground of extrâ€¦","en","1569084513455833089","2022-09-11T22:04:34.000Z","1569084513455833089","Time is passing but we still doing nothing https://t.co/ZKQsObqkWN #ClimateChange #GlobalWarming 
#ActOnClimate #ClimateCatastrophe 
Each New #ClimateReport Is Worse Than the Last https://t.co/WzPdm1EWW9","en","1569084507164409857","2022-09-11T22:04:33.000Z","1569084507164409857","Renewable News by Sven.

#svenvanzanten #solar #renewables #climatechange #sustainability #Environment #Energy #CleanEnergy #electricity #solarenergy #SolarPower #energietransitie #zonnepanelen #klimaat #Nederland https://t.co/SEU2AjN4eu","en","1569084381293166592","2022-09-11T22:04:03.000Z","1569084381293166592","@carlbildt https://t.co/KhA80oyoNo #climatechange #val2022","qme","1568853144217554946","2022-09-11T22:03:20.000Z","1569084201059713026","RT @mughalbha: Û² - ØªÙ…Ø± Ú©Û’ Ø¬Ù†Ú¯Ù„Ø§Øª Ø§ÙˆØ± Ú©Ø±Ø§Ú†ÛŒ Ú©Û’ Ø³Ø§Ø­Ù„ Ú©ÛŒ Ù…Ø§Ø­ÙˆÙ„ÛŒØ§ØªÛŒ Ù…ÙˆØª @AzizSanghur Ú©ÛŒ Û±Û² Ø³Ø§Ù„ Ù¾Ø±Ø§Ù†ÛŒ Ø¯Ø³ØªØ§ÙˆÛŒØ²ÛŒ ÙÙ„Ù… https://t.co/RW8dfkDxqm

#Cliâ€¦","ur","1569084165995249664","2022-09-11T22:03:12.000Z","1569084165995249664","RT @mughalbha: Û± - ØªÙ…Ø± Ú©Û’ Ø¬Ù†Ú¯Ù„Ø§Øª Ø§ÙˆØ± Ú©Ø±Ø§Ú†ÛŒ Ú©Û’ Ø³Ø§Ø­Ù„ Ú©ÛŒ Ù…Ø§Ø­ÙˆÙ„ÛŒØ§ØªÛŒ Ù…ÙˆØª @AzizSanghur Ú©ÛŒ Û±Û² Ø³Ø§Ù„ Ù¾Ø±Ø§Ù†ÛŒ Ø¯Ø³ØªØ§ÙˆÛŒØ²ÛŒ ÙÙ„Ù… https://t.co/7U32h9QpFM

#Cliâ€¦","ur","1569084135041376256","2022-09-11T22:03:04.000Z","1569084135041376256","RT @PCarterClimate: INEVITABLE NATURAL GAS PRODUCTION-DISTRIBUTION METHANE LEAKS ADDED TO GAS COMBUSTION CO2- MAKES NATURAL GAS BAD AS COALâ€¦","en","1569083912852312066","2022-09-11T22:02:11.000Z","1569083912852312066","RT @JanSummersalt: A Winter Vagina. ğŸ¤” obviously from #ClimateChange ğŸ™ƒ https://t.co/hn6NK2KTwI","en","1569083812038209537","2022-09-11T22:01:47.000Z","1569083812038209537","RT @UNDPClimate: ğŸ”¹ United Nations Climate Action https://t.co/IdG94qJoRU &amp; @UN

ğŸ”¹ National Centers for Environmental Information: It is oneâ€¦","en","1569083718727520256","2022-09-11T22:01:25.000Z","1569083718727520256","RT @dvdmckay: Weâ€™ve got a new paper out on climate #TippingPoints in @ScienceMagazine: â€œExceeding 1.5Â°C global warming could trigger multipâ€¦","en","1569083691862818817","2022-09-11T22:01:18.000Z","1569083691862818817","#climate is working here but population is determinant https://t.co/T7em7kv9pU
#ClimateCrisis #ClimateEmergency #ClimateCatastrophe 
Southwest experiencing driest conditions in at least 1,200 years due to #ClimateChange, new study finds https://t.co/Q9NGKx3MNm via @ABC","en","1569083621809561606","2022-09-11T22:01:02.000Z","1569083621809561606","Posted some NYC &amp; Amsterdam Climate Week Info. links...
#NYC #NewYork #Amsterdam #netherland #climatechange #ClimateJustice #ClimateWeekNYC #climatedialogue #ClimateEmergency

https://t.co/lvfqNFnWSA","en","1569083567090565120","2022-09-11T22:00:49.000Z","1569083567090565120","The green countries which live thanks to #FossilFuels https://t.co/5mVSCGuSlc #ClimateHypocrisy #ClimateChange #ClimateCatastrophe 
Oil and gas drilling in North Sea must end, ministers told https://t.co/jbnsSgN3C7","en","1569083500858585088","2022-09-11T22:00:33.000Z","1569083500858585088","RT @NelsonDemsVa: If you have 10 days, we have 10 reasons why voting Democratic in the Nov. 8 elections is one of the best decisions you'llâ€¦","en","1569083479505108992","2022-09-11T22:00:28.000Z","1569083479505108992","This was a 'Lauren 6 Dresser' from @Wayfair 

So poorly made, the 'product' should be considered a #SafetyHazard

Not worth the box their shipped in, and it's a shame their shipped in the first place.... all those green house gases contributing to #ClimateChange https://t.co/kxN8i4skH9","en","1569083442431930368","2022-09-11T22:00:19.000Z","1569083442431930368","RT @UNOCHA: #ClimateChange is supercharging the destruction of our planet.

To deal with this defining crisis of our time, a business-as-usâ€¦","en","1569083406062948356","2022-09-11T22:00:10.000Z","1569083406062948356","RT @360onHistory Soil regeneration &amp; regenerative farming can help mitigate climate change. We face what could be the greatest predicament humankind has ever encountered: feeding the world without devouring the planet! #climatechange #environment https://t.co/7Y6mnMcKJ5","en","1569083392955662339","2022-09-11T22:00:07.000Z","1569083392955662339","Cars in flooded water after #HurricaneHarvey hits #Houston - Stock Footage https://t.co/6X4w2oZIrj via @pond5 #weather #indiefilm #dronephotography #aerial #climatechange #globalwarming #climatecrisis #documentary #stockfootage","en","1569083363134263296","2022-09-11T22:00:00.000Z","1569083363134263296","RT @bullshitjobs: 3-4 billion #bullshitjobs are:
.) wasting our lives.
.) wasting our resources, energy and fossil fuels.
.) devaluing ourâ€¦","en","1569083353273614336","2022-09-11T21:59:58.000Z","1569083353273614336","RT @ilias_chatzis: The 2022 @IPCC_CH reportğŸ‘‡links #climatechange &amp; #HumanTrafficking 

@UNODC data confirm this and unveil the large numberâ€¦","en","1569083320595619840","2022-09-11T21:59:50.000Z","1569083320595619840","The latest The weather Daily! https://t.co/tpXdCXVkOD Thanks to @17Random_phd @BrunusCutis #climatechange #climatecrisis","en","1569083231143698433","2022-09-11T21:59:29.000Z","1569083231143698433","RT @bullshitjobs: 3-4 billion #bullshitjobs are:
.) wasting our lives.
.) wasting our resources, energy and fossil fuels.
.) devaluing ourâ€¦","en","1569083055188447233","2022-09-11T21:58:47.000Z","1569083055188447233","RT @CarlSiegrist: For more than a decade, policy wonks urged governments to take advantage of low interest rates by spending trillions of dâ€¦","en","1569083036058124289","2022-09-11T21:58:42.000Z","1569083036058124289","Soil regeneration &amp; regenerative farming can help mitigate climate change. We face what could be the greatest predicament humankind has ever encountered: feeding the world without devouring the planet! #climatechange #environment https://t.co/i5wFmH3xDx","en","1569082978491371522","2022-09-11T21:58:28.000Z","1569082978491371522","RT @bullshitjobs: 3-4 billion #bullshitjobs are:
.) wasting our lives.
.) wasting our resources, energy and fossil fuels.
.) devaluing ourâ€¦","en","1569082947587964928","2022-09-11T21:58:21.000Z","1569082947587964928","We are on the battlefields of #ClimateChange here in BC, Canada.  https://t.co/PUlc6OffxW","en","1569082797700304896","2022-09-11T21:57:45.000Z","1569082797700304896","RT @GreenInstitute2: Those who have the most to lose as a consequence of #ClimateChange are rural people living in poverty, and smallholderâ€¦","en","1569082705396088833","2022-09-11T21:57:23.000Z","1569082705396088833","#TEMPDIFF #climatechange #umbriel https://t.co/mEw1UMPFrW","qme","1569082689650675717","2022-09-11T21:57:20.000Z","1569082689650675717","#TEMPERATURE #climatechange #umbriel https://t.co/H0vV1VgZ7b","qme","1569082654544334849","2022-09-11T21:57:11.000Z","1569082654544334849","RT @Dragofix: CliÂ­mate change threatÂ­ens ice caves in AusÂ­tria #ClimateChange #Austria https://t.co/8oOqXXhPFb","en","1569082650685472771","2022-09-11T21:57:10.000Z","1569082650685472771","#TEMPERATURE #climatechange #umbriel https://t.co/T6OulxjMf8","qme","1569082620260089857","2022-09-11T21:57:03.000Z","1569082620260089857","#TEMPDIFF #climatechange https://t.co/PWLh3Syn5U","qme","1569082585887776771","2022-09-11T21:56:55.000Z","1569082585887776771","RT @AaronDodd: You're an idiot Dutton. There is no scientific basis, none whatsoever, for #climatechange denialism, so why should he be impâ€¦","en","1569082554850082817","2022-09-11T21:56:47.000Z","1569082554850082817","RT @Forever_Rayyan: Government should initiate humanitarian assistance for flood victims #ClimateChange is real. The flooding that has follâ€¦","en","1569082553147232257","2022-09-11T21:56:47.000Z","1569082553147232257","For more than a decade, policy wonks urged governments to take advantage of low interest rates by spending trillions of dollars on making our economies resilient to inevitable #ClimateChange. Now the needed investments are going to be a lot more expensive. https://t.co/OicILKDnF8","en","1569082547996622849","2022-09-11T21:56:46.000Z","1569082547996622849","RT @TheFactFindr: #Sushi #Rice #drought #climatechange #WaterFootprint

A report via the US Department of Agriculture shows about 300k outâ€¦","en","1569082442765697024","2022-09-11T21:56:21.000Z","1569082442765697024","RT @CyrilCoste: ğŸŒ¡ As temperatures rise, the window of opportunity to maximize the use of:

ğŸŒ¿ biomass from plants
ğŸŒ³ wood
ğŸ—‘ waste 

as a #renâ€¦","en","1569082422096019459","2022-09-11T21:56:16.000Z","1569082422096019459","RT @DrNeilHammer: How #Pakistan #floods are linked to #ClimateChange  https://t.co/O5OLMY9Lsf","en","1569082376738717696","2022-09-11T21:56:05.000Z","1569082376738717696","#TEMPERATURE #climatechange https://t.co/GQzkK5T2Ro","qme","1569082238897102848","2022-09-11T21:55:32.000Z","1569082238897102848","The Truth Meets the Climate Alarmistsâ€™ Computer Models, Repudiating their Doomsday Predictions, and they find it â€œTroubling.â€ #climatechange #cnn #fakenews #globalwarming https://t.co/LB71eM9x1H","en","1569082200880041986","2022-09-11T21:55:23.000Z","1569082200880041986","The historical #drought all over the place, especially in Europe and China, is not talked about nearly enough. The magnitude of such a #ClimateChange phenomenon and its 2nd- and 3rd-order impact are blissfully unseen by too many. ğŸ§µ1/","en","1569082194475491329","2022-09-11T21:55:21.000Z","1569082194475491329","RT @Dragofix: Climate change is affecting drinking water quality #ClimateChange #water #DrinkingWater https://t.co/bDf1sCNkPR","en","1569082013201874944","2022-09-11T21:54:38.000Z","1569082013201874944","#TEMPERATURE #climatechange https://t.co/CIzIV6xysa","qme","1569081923921641477","2022-09-11T21:54:17.000Z","1569081923921641477","RT @brad_studio: Anyone who pushed the COVID-19 vaccine should be arrested for #Nuremberg2 trials. All for a virus w/ a 99.98% survival ratâ€¦","en","1569081901813760000","2022-09-11T21:54:12.000Z","1569081901813760000","RT @UNOCHA: #ClimateChange is supercharging the destruction of our planet.

To deal with this defining crisis of our time, a business-as-usâ€¦","en","1569081841466101762","2022-09-11T21:53:57.000Z","1569081841466101762","RT @UNOCHA: #ClimateChange is supercharging the destruction of our planet.

To deal with this defining crisis of our time, a business-as-usâ€¦","en","1569081729826324481","2022-09-11T21:53:31.000Z","1569081729826324481","RT @VRWCTexan: Stop the BS spin.
""Republican Guy"" 
Was merely citing your NBC poll of 22 August.

Respondents TOP TWO issues:
29% Threats tâ€¦","en","1569081719566778368","2022-09-11T21:53:28.000Z","1569081719566778368","RT @UNDPClimate: ğŸ”¹ United Nations Climate Action https://t.co/IdG94qJoRU &amp; @UN

ğŸ”¹ National Centers for Environmental Information: It is oneâ€¦","en","1569081655490678785","2022-09-11T21:53:13.000Z","1569081655490678785","RT @griffiths_huw: #FrozenPlanet2 is not only educational and a call to action on #ClimateChange, it is also a work of art! The @BBCEarth tâ€¦","en","1569081616273936384","2022-09-11T21:53:04.000Z","1569081616273936384","RT @UNOCHA: #ClimateChange is supercharging the destruction of our planet.

To deal with this defining crisis of our time, a business-as-usâ€¦","en","1569081389852524549","2022-09-11T21:52:10.000Z","1569081389852524549","RT @Forever_Rayyan: Government should initiate humanitarian assistance for flood victims #ClimateChange is real. The flooding that has follâ€¦","en","1569081352170999815","2022-09-11T21:52:01.000Z","1569081352170999815","The #water stored in reservoirs ensures our supply of drinking water. Good water quality is therefore important - but is at significant risk due to #climate change
#ClimateChange #Environmental #EarthScience #sflorg
https://t.co/Wo7YJ28wu1","en","1569081334286503936","2022-09-11T21:51:56.000Z","1569081334286503936","RT @VRWCTexan: Stop the BS spin.
""Republican Guy"" 
Was merely citing your NBC poll of 22 August.

Respondents TOP TWO issues:
29% Threats tâ€¦","en","1569081290405576711","2022-09-11T21:51:46.000Z","1569081290405576711","Government should initiate humanitarian assistance for flood victims #ClimateChange is real. The flooding that has followed torrential downpours in towns and villages in Nigeria, like other places around the globe, confirms this. - @atiku ğŸ‡³ğŸ‡¬.

#ParisClimateAgreement https://t.co/tjLUVZakgc","en","1569081124990685186","2022-09-11T21:51:06.000Z","1569081124990685186","RT @onehammersmith: David Kerr: ""It is the right of every person living in Chiswick to choose how to travel [even if the road is closed] anâ€¦","en","1569081080053137408","2022-09-11T21:50:56.000Z","1569081080053137408","Climate Dispatch Daily auto-gathered news is out! #climate https://t.co/LLbaxGuNbV Stories via @MiroCollas @robert_ursache @GregGFoos #climate #climatechange","en","1569081074956787713","2022-09-11T21:50:55.000Z","1569081074956787713","Y dicen que el exceso de diÃ³xido de carbono va a destruir la vida en el planeta...

And they say that excess carbon dioxide is going to destroy life on the planet...

#CambioClimÃ¡tico #ClimateChange #CO2 #carbon https://t.co/gRtbS00pKK","es","1569080969981825025","2022-09-11T21:50:30.000Z","1569080969981825025","""The Press"" was unimpressed at protests against #fossilfuel sponsorship of its big night out? Perhaps they think #climatechange is someone else's problem?  #auspol https://t.co/cdrxru2nm6","en","1569080761080287233","2022-09-11T21:49:40.000Z","1569080761080287233","RT @UNOCHA: #ClimateChange is supercharging the destruction of our planet.

To deal with this defining crisis of our time, a business-as-usâ€¦","en","1569080727962062848","2022-09-11T21:49:32.000Z","1569080727962062848","RT @Trudeaus_Ego: This afternoon, our cabinet meeting is about fighting #ClimateChange.

That's why all 35 members of cabinet flew to the wâ€¦","en","1569080726015954950","2022-09-11T21:49:31.000Z","1569080726015954950","RT @UNOCHA: #ClimateChange is supercharging the destruction of our planet.

To deal with this defining crisis of our time, a business-as-usâ€¦","en","1569080682374172673","2022-09-11T21:49:21.000Z","1569080682374172673","RT @QuaiNetwork: @QuaiNetworkâ€™s PoW2.0 consensus mechanism can actually be a positive for the environment. ğŸŒ´ 

PoW mining off vented methanâ€¦","en","1569080649738223616","2022-09-11T21:49:13.000Z","1569080649738223616","RT @UNOCHA: #ClimateChange is supercharging the destruction of our planet.

To deal with this defining crisis of our time, a business-as-usâ€¦","en","1569080594130157569","2022-09-11T21:49:00.000Z","1569080594130157569","The latest The Natural disaster Daily! https://t.co/cP40DS8xP8 Thanks to @NadeemfParacha #climatechange #climatecrisis","en","1569080541420322824","2022-09-11T21:48:47.000Z","1569080541420322824","Check this out:

#svenvanzanten #solar #renewables #climatechange #sustainability #Environment #Energy #CleanEnergy #electricity #solarenergy #SolarPower #energietransitie #zonnepanelen #klimaat #Nederland https://t.co/E67QXd4BEg","en","1569080477188870144","2022-09-11T21:48:32.000Z","1569080477188870144","RT @UNOCHA: #ClimateChange is supercharging the destruction of our planet.

To deal with this defining crisis of our time, a business-as-usâ€¦","en","1569080420783869954","2022-09-11T21:48:19.000Z","1569080420783869954","RT @DeentraDAO: ğŸŒMINT DETAILSğŸŒ

#ALGO #ADA #SOL we are ready to Mint!

Deentrasaurs are back from the melted ice to speed up the #EnergyTraâ€¦","en","1569080353754849281","2022-09-11T21:48:03.000Z","1569080353754849281","1569087570092457984","1569080353754849281",100,"b26v89c19zqg8o3fpz8noczn14va27s7ri0bj57mowr5p"
